"2026-04-05T20:30:29.000Z",1775421029000,162,"Flat",
"2026-04-05T20:25:28.000Z",1775420728000,167,"Flat",
"2026-04-05T20:20:28.000Z",1775420428000,175,"Flat",
"2026-04-05T20:15:29.000Z",1775420129000,176,"Flat",
"2026-04-05T20:10:28.000Z",1775419828000,179,"Flat",
"2026-04-05T20:05:29.000Z",1775419529000,182,"Flat",
"2026-04-05T20:00:29.000Z",1775419229000,182,"Flat",
"2026-04-05T19:55:28.000Z",1775418928000,176,"FortyFiveUp",
"2026-04-05T19:50:29.000Z",1775418629000,168,"Flat",
"2026-04-05T19:45:28.000Z",1775418328000,166,"Flat",
"2026-04-05T19:40:29.000Z",1775418029000,163,"Flat",
"2026-04-05T19:35:27.000Z",1775417727000,160,"Flat",
"2026-04-05T19:30:29.000Z",1775417429000,157,"Flat",
"2026-04-05T19:25:29.000Z",1775417129000,153,"Flat",
"2026-04-05T19:20:28.000Z",1775416828000,152,"Flat",
"2026-04-05T19:15:27.000Z",1775416527000,154,"Flat",
"2026-04-05T19:10:29.000Z",1775416229000,155,"Flat",
"2026-04-05T19:05:27.000Z",1775415927000,153,"Flat",
"2026-04-05T19:00:27.000Z",1775415627000,152,"Flat",
"2026-04-05T18:55:28.000Z",1775415328000,150,"FortyFiveDown",
"2026-04-05T18:50:29.000Z",1775415029000,153,"SingleDown",
"2026-04-05T18:45:27.000Z",1775414727000,160,"SingleDown",
"2026-04-05T18:40:28.000Z",1775414428000,173,"SingleDown",
"2026-04-05T18:35:27.000Z",1775414127000,188,"SingleDown",
"2026-04-05T18:30:29.000Z",1775413829000,203,"SingleDown",
"2026-04-05T18:25:27.000Z",1775413527000,216,"FortyFiveDown",
"2026-04-05T18:20:29.000Z",1775413229000,224,"Flat",
"2026-04-05T18:15:28.000Z",1775412928000,231,"Flat",
"2026-04-05T18:10:28.000Z",1775412628000,233,"Flat",
"2026-04-05T18:05:28.000Z",1775412328000,229,"FortyFiveUp",
"2026-04-05T18:00:28.000Z",1775412028000,226,"FortyFiveUp",
"2026-04-05T17:55:29.000Z",1775411729000,221,"FortyFiveUp",
"2026-04-05T17:50:27.000Z",1775411427000,213,"SingleUp",
"2026-04-05T17:45:28.000Z",1775411128000,203,"FortyFiveUp",
"2026-04-05T17:40:28.000Z",1775410828000,192,"FortyFiveUp",
"2026-04-05T17:35:28.000Z",1775410528000,181,"FortyFiveUp",
"2026-04-05T17:30:28.000Z",1775410228000,173,"Flat",
"2026-04-05T17:25:27.000Z",1775409927000,168,"Flat",
"2026-04-05T17:20:27.000Z",1775409627000,168,"Flat",
"2026-04-05T17:15:27.000Z",1775409327000,170,"Flat",
"2026-04-05T17:10:28.000Z",1775409028000,166,"Flat",
"2026-04-05T17:05:27.000Z",1775408727000,161,"Flat",
"2026-04-05T17:00:27.000Z",1775408427000,162,"Flat",
"2026-04-05T16:55:28.000Z",1775408128000,162,"Flat",
"2026-04-05T16:50:28.000Z",1775407828000,163,"Flat",
"2026-04-05T16:45:28.000Z",1775407528000,164,"Flat",
"2026-04-05T16:40:27.000Z",1775407227000,165,"Flat",
"2026-04-05T16:35:28.000Z",1775406928000,163,"Flat",
"2026-04-05T16:30:28.000Z",1775406628000,164,"Flat",
"2026-04-05T16:25:27.000Z",1775406327000,166,"Flat",
"2026-04-05T16:20:28.000Z",1775406028000,166,"Flat",
"2026-04-05T16:15:27.000Z",1775405727000,168,"Flat",
"2026-04-05T16:10:28.000Z",1775405428000,169,"Flat",
"2026-04-05T16:05:26.000Z",1775405126000,168,"Flat",
"2026-04-05T16:00:26.000Z",1775404826000,166,"Flat",
"2026-04-05T15:55:28.000Z",1775404528000,163,"Flat",
"2026-04-05T15:50:27.000Z",1775404227000,157,"Flat",
"2026-04-05T15:45:27.000Z",1775403927000,154,"Flat",
"2026-04-05T15:40:26.000Z",1775403626000,150,"Flat",
"2026-04-05T15:35:26.000Z",1775403326000,146,"Flat",
"2026-04-05T15:30:27.000Z",1775403027000,145,"Flat",
"2026-04-05T15:25:27.000Z",1775402727000,146,"Flat",
"2026-04-05T15:20:27.000Z",1775402427000,145,"Flat",
"2026-04-05T15:15:27.000Z",1775402127000,145,"Flat",
"2026-04-05T15:10:26.000Z",1775401826000,145,"Flat",
"2026-04-05T15:05:26.000Z",1775401526000,140,"Flat",
"2026-04-05T15:00:26.000Z",1775401226000,144,"Flat",
"2026-04-05T14:55:27.000Z",1775400927000,149,"Flat",
"2026-04-05T14:50:27.000Z",1775400627000,147,"Flat",
"2026-04-05T14:45:26.000Z",1775400326000,145,"Flat",
"2026-04-05T14:40:28.000Z",1775400028000,147,"Flat",
"2026-04-05T14:35:27.000Z",1775399727000,147,"Flat",
"2026-04-05T14:30:27.000Z",1775399427000,146,"Flat",
"2026-04-05T14:25:26.000Z",1775399126000,144,"Flat",
"2026-04-05T14:20:26.000Z",1775398826000,143,"Flat",
"2026-04-05T14:15:26.000Z",1775398526000,140,"FortyFiveUp",
"2026-04-05T14:10:26.000Z",1775398226000,135,"FortyFiveUp",
"2026-04-05T14:05:27.000Z",1775397927000,129,"FortyFiveUp",
"2026-04-05T14:00:26.000Z",1775397626000,123,"FortyFiveUp",
"2026-04-05T13:55:27.000Z",1775397327000,112,"FortyFiveUp",
"2026-04-05T13:50:26.000Z",1775397026000,104,"FortyFiveUp",
"2026-04-05T13:45:27.000Z",1775396727000,98,"Flat",
"2026-04-05T13:40:27.000Z",1775396427000,91,"Flat",
"2026-04-05T13:35:27.000Z",1775396127000,85,"Flat",
"2026-04-05T13:30:27.000Z",1775395827000,83,"Flat",
"2026-04-05T13:25:25.000Z",1775395525000,83,"Flat",
"2026-04-05T13:20:27.000Z",1775395227000,84,"FortyFiveDown",
"2026-04-05T13:15:27.000Z",1775394927000,87,"FortyFiveDown",
"2026-04-05T13:10:26.000Z",1775394626000,95,"FortyFiveDown",
"2026-04-05T13:05:26.000Z",1775394326000,102,"Flat",
"2026-04-05T13:00:26.000Z",1775394026000,107,"FortyFiveDown",
"2026-04-05T12:55:27.000Z",1775393727000,110,"FortyFiveDown",
"2026-04-05T12:50:27.000Z",1775393427000,118,"FortyFiveDown",
"2026-04-05T12:45:26.000Z",1775393126000,127,"SingleDown",
"2026-04-05T12:40:25.000Z",1775392825000,136,"SingleDown",
"2026-04-05T12:35:27.000Z",1775392527000,149,"SingleDown",
"2026-04-05T12:30:27.000Z",1775392227000,163,"SingleDown",
"2026-04-05T12:25:27.000Z",1775391927000,171,"SingleDown",
"2026-04-05T12:20:25.000Z",1775391625000,183,"FortyFiveDown",
"2026-04-05T12:15:26.000Z",1775391326000,195,"Flat",
"2026-04-05T12:10:25.000Z",1775391025000,202,"Flat",
"2026-04-05T12:05:27.000Z",1775390727000,204,"Flat",
"2026-04-05T12:00:25.000Z",1775390425000,206,"Flat",
"2026-04-05T11:55:26.000Z",1775390126000,208,"Flat",
"2026-04-05T11:50:25.000Z",1775389825000,207,"FortyFiveUp",
"2026-04-05T11:45:25.000Z",1775389525000,198,"FortyFiveUp",
"2026-04-05T11:40:25.000Z",1775389225000,188,"FortyFiveUp",
"2026-04-05T11:35:26.000Z",1775388926000,181,"Flat",
"2026-04-05T11:30:26.000Z",1775388626000,176,"Flat",
"2026-04-05T11:25:26.000Z",1775388326000,170,"Flat",
"2026-04-05T11:20:26.000Z",1775388026000,169,"Flat",
"2026-04-05T11:15:26.000Z",1775387726000,170,"Flat",
"2026-04-05T11:10:26.000Z",1775387426000,170,"Flat",
"2026-04-05T11:05:26.000Z",1775387126000,169,"Flat",
"2026-04-05T11:00:26.000Z",1775386826000,162,"Flat",
"2026-04-05T10:55:25.000Z",1775386525000,156,"Flat",
"2026-04-05T10:50:26.000Z",1775386226000,154,"Flat",
"2026-04-05T10:45:26.000Z",1775385926000,150,"Flat",
"2026-04-05T10:40:25.000Z",1775385625000,145,"Flat",
"2026-04-05T10:35:25.000Z",1775385325000,142,"Flat",
"2026-04-05T10:30:25.000Z",1775385025000,141,"Flat",
"2026-04-05T10:25:25.000Z",1775384725000,142,"Flat",
"2026-04-05T10:20:25.000Z",1775384425000,146,"Flat",
"2026-04-05T10:15:25.000Z",1775384125000,152,"Flat",
"2026-04-05T10:10:25.000Z",1775383825000,153,"Flat",
"2026-04-05T10:05:25.000Z",1775383525000,154,"Flat",
"2026-04-05T10:00:27.000Z",1775383227000,150,"FortyFiveUp",
"2026-04-05T09:55:26.000Z",1775382926000,141,"FortyFiveUp",
"2026-04-05T09:50:26.000Z",1775382626000,134,"FortyFiveUp",
"2026-04-05T09:45:26.000Z",1775382326000,128,"Flat",
"2026-04-05T09:40:26.000Z",1775382026000,121,"Flat",
"2026-04-05T09:35:25.000Z",1775381725000,117,"Flat",
"2026-04-05T09:30:26.000Z",1775381426000,116,"Flat",
"2026-04-05T09:25:26.000Z",1775381126000,113,"Flat",
"2026-04-05T09:20:25.000Z",1775380825000,108,"FortyFiveUp",
"2026-04-05T09:15:26.000Z",1775380526000,103,"Flat",
"2026-04-05T09:10:25.000Z",1775380225000,99,"FortyFiveUp",
"2026-04-05T09:05:25.000Z",1775379925000,93,"FortyFiveUp",
"2026-04-05T09:00:25.000Z",1775379625000,87,"FortyFiveUp",
"2026-04-05T08:55:25.000Z",1775379325000,79,"Flat",
"2026-04-05T08:50:25.000Z",1775379025000,75,"Flat",
"2026-04-05T08:45:26.000Z",1775378726000,72,"Flat",
"2026-04-05T08:40:25.000Z",1775378425000,68,"Flat",
"2026-04-05T08:35:25.000Z",1775378125000,65,"Flat",
"2026-04-05T08:30:12.000Z",1775377812000,63,"Flat",
"2026-04-05T08:28:24.000Z",1775377704000,63,"Flat",
"2026-04-05T08:23:25.000Z",1775377405000,64,"FortyFiveDown",
"2026-04-05T08:18:24.000Z",1775377104000,69,"FortyFiveDown",
"2026-04-05T08:13:25.000Z",1775376805000,75,"FortyFiveDown",
"2026-04-05T08:08:24.000Z",1775376504000,81,"FortyFiveDown",
"2026-04-05T08:03:24.000Z",1775376204000,87,"FortyFiveDown",
"2026-04-05T07:58:25.000Z",1775375905000,92,"SingleDown",
"2026-04-05T07:53:24.000Z",1775375604000,100,"SingleDown",
"2026-04-05T07:48:25.000Z",1775375305000,108,"SingleDown",
"2026-04-05T07:43:25.000Z",1775375005000,120,"SingleDown",
"2026-04-05T07:38:26.000Z",1775374706000,133,"SingleDown",
"2026-04-05T07:33:25.000Z",1775374405000,148,"SingleDown",
"2026-04-05T07:28:24.000Z",1775374104000,161,"FortyFiveDown",
"2026-04-05T07:23:24.000Z",1775373804000,170,"Flat",
"2026-04-05T07:18:24.000Z",1775373504000,175,"Flat",
"2026-04-05T07:13:24.000Z",1775373204000,175,"Flat",
"2026-04-05T07:08:24.000Z",1775372904000,173,"FortyFiveUp",
"2026-04-05T07:03:26.000Z",1775372606000,170,"FortyFiveUp",
"2026-04-05T06:58:25.000Z",1775372305000,164,"SingleUp",
"2026-04-05T06:53:25.000Z",1775372005000,154,"SingleUp",
"2026-04-05T06:48:24.000Z",1775371704000,140,"SingleUp",
"2026-04-05T06:43:23.000Z",1775371403000,126,"SingleUp",
"2026-04-05T06:38:25.000Z",1775371105000,111,"SingleUp",
"2026-04-05T06:33:24.000Z",1775370804000,93,"SingleUp",
"2026-04-05T06:28:24.000Z",1775370504000,75,"FortyFiveUp",
"2026-04-05T06:23:23.000Z",1775370203000,62,"FortyFiveUp",
"2026-04-05T06:18:24.000Z",1775369904000,55,"Flat",
"2026-04-05T06:13:24.000Z",1775369604000,52,"Flat",
"2026-04-05T06:08:23.000Z",1775369303000,51,"Flat",
"2026-04-05T06:03:24.000Z",1775369004000,49,"Flat",
"2026-04-05T05:58:23.000Z",1775368703000,52,"FortyFiveDown",
"2026-04-05T05:53:25.000Z",1775368405000,57,"FortyFiveDown",
"2026-04-05T04:28:23.000Z",1775363303000,117,"Flat",
"2026-04-05T04:23:24.000Z",1775363004000,119,"Flat",
"2026-04-05T04:18:23.000Z",1775362703000,122,"Flat",
"2026-04-05T04:13:23.000Z",1775362403000,126,"Flat",
"2026-04-05T04:08:23.000Z",1775362103000,130,"Flat",
"2026-04-05T04:03:23.000Z",1775361803000,133,"Flat",
"2026-04-05T03:56:24.000Z",1775361384000,137,"Flat",
"2026-04-05T03:51:23.000Z",1775361083000,142,"Flat",
"2026-04-05T03:46:24.000Z",1775360784000,144,"Flat",
"2026-04-05T03:41:23.000Z",1775360483000,145,"FortyFiveDown",
"2026-04-05T03:36:23.000Z",1775360183000,147,"FortyFiveDown",
"2026-04-05T03:31:23.000Z",1775359883000,154,"FortyFiveDown",
"2026-04-05T03:26:24.000Z",1775359584000,165,"FortyFiveDown",
"2026-04-05T03:20:25.000Z",1775359225000,174,"Flat",
"2026-04-05T03:15:23.000Z",1775358923000,178,"Flat",
"2026-04-05T03:10:23.000Z",1775358623000,182,"Flat",
"2026-04-05T03:05:23.000Z",1775358323000,186,"Flat",
"2026-04-05T03:00:23.000Z",1775358023000,190,"FortyFiveDown",
"2026-04-05T02:55:23.000Z",1775357723000,196,"Flat",
"2026-04-05T02:50:23.000Z",1775357423000,201,"Flat",
"2026-04-05T02:45:23.000Z",1775357123000,206,"Flat",
"2026-04-05T02:40:24.000Z",1775356824000,209,"Flat",
"2026-04-05T02:35:22.000Z",1775356522000,213,"Flat",
"2026-04-05T02:30:24.000Z",1775356224000,216,"Flat",
"2026-04-05T02:25:24.000Z",1775355924000,218,"Flat",
"2026-04-05T02:20:23.000Z",1775355623000,215,"Flat",
"2026-04-05T02:15:23.000Z",1775355323000,211,"FortyFiveUp",
"2026-04-05T02:10:23.000Z",1775355023000,209,"FortyFiveUp",
"2026-04-05T02:05:23.000Z",1775354723000,204,"FortyFiveUp",
"2026-04-05T02:00:24.000Z",1775354424000,194,"SingleUp",
"2026-04-05T01:55:22.000Z",1775354122000,182,"SingleUp",
"2026-04-05T01:50:23.000Z",1775353823000,171,"SingleUp",
"2026-04-05T01:45:23.000Z",1775353523000,157,"SingleUp",
"2026-04-05T01:40:22.000Z",1775353222000,144,"SingleUp",
"2026-04-05T01:35:23.000Z",1775352923000,131,"SingleUp",
"2026-04-05T01:30:24.000Z",1775352624000,118,"FortyFiveUp",
"2026-04-05T01:25:24.000Z",1775352324000,108,"FortyFiveUp",
"2026-04-05T01:20:23.000Z",1775352023000,99,"Flat",
"2026-04-05T01:15:23.000Z",1775351723000,95,"Flat",
"2026-04-05T01:10:23.000Z",1775351423000,95,"Flat",
"2026-04-05T01:05:22.000Z",1775351122000,96,"Flat",
"2026-04-05T01:00:22.000Z",1775350822000,95,"Flat",
"2026-04-05T00:55:22.000Z",1775350522000,94,"Flat",
"2026-04-05T00:50:22.000Z",1775350222000,94,"Flat",
"2026-04-05T00:45:22.000Z",1775349922000,96,"FortyFiveDown",
"2026-04-05T00:40:22.000Z",1775349622000,100,"FortyFiveDown",
"2026-04-05T00:35:23.000Z",1775349323000,107,"FortyFiveDown",
"2026-04-05T00:30:23.000Z",1775349023000,119,"FortyFiveDown",
"2026-04-05T00:25:23.000Z",1775348723000,130,"FortyFiveDown",
"2026-04-05T00:20:23.000Z",1775348423000,136,"FortyFiveDown",
"2026-04-05T00:15:23.000Z",1775348123000,140,"FortyFiveDown",
"2026-04-05T00:10:23.000Z",1775347823000,151,"FortyFiveDown",
"2026-04-05T00:05:21.000Z",1775347521000,163,"FortyFiveDown",
"2026-04-05T00:00:22.000Z",1775347222000,168,"Flat",
"2026-04-04T23:55:22.000Z",1775346922000,172,"Flat",
"2026-04-04T23:50:21.000Z",1775346621000,179,"Flat",
"2026-04-04T23:45:22.000Z",1775346322000,178,"SingleUp",
"2026-04-04T23:40:22.000Z",1775346022000,168,"SingleUp",
"2026-04-04T23:35:23.000Z",1775345723000,159,"SingleUp",
"2026-04-04T23:30:23.000Z",1775345423000,145,"SingleUp",
"2026-04-04T23:25:22.000Z",1775345122000,130,"SingleUp",
"2026-04-04T23:20:22.000Z",1775344822000,115,"SingleUp",
"2026-04-04T23:15:22.000Z",1775344522000,100,"SingleUp",
"2026-04-04T23:10:21.000Z",1775344221000,84,"SingleUp",
"2026-04-04T23:05:22.000Z",1775343922000,74,"SingleUp",
"2026-04-04T23:00:22.000Z",1775343622000,66,"SingleUp",
"2026-04-04T22:55:22.000Z",1775343322000,55,"FortyFiveUp",
"2026-04-04T22:50:23.000Z",1775343023000,43,"Flat",
"2026-04-04T22:45:23.000Z",1775342723000,34,"Flat",
"2026-04-04T22:40:22.000Z",1775342422000,32,"Flat",
"2026-04-04T22:35:22.000Z",1775342122000,34,"Flat",
"2026-04-04T22:30:22.000Z",1775341822000,38,"Flat",
"2026-04-04T22:25:22.000Z",1775341522000,43,"Flat",
"2026-04-04T22:20:23.000Z",1775341223000,47,"Flat",
"2026-04-04T22:15:23.000Z",1775340923000,51,"Flat",
"2026-04-04T22:10:23.000Z",1775340623000,53,"Flat",
"2026-04-04T22:05:23.000Z",1775340323000,56,"Flat",
"2026-04-04T22:00:21.000Z",1775340021000,58,"Flat",
"2026-04-04T21:55:21.000Z",1775339721000,61,"Flat",
"2026-04-04T21:50:22.000Z",1775339422000,64,"Flat",
"2026-04-04T21:45:23.000Z",1775339123000,67,"Flat",
"2026-04-04T21:40:22.000Z",1775338822000,68,"Flat",
"2026-04-04T21:35:23.000Z",1775338523000,70,"Flat",
"2026-04-04T21:30:22.000Z",1775338222000,71,"Flat",
"2026-04-04T21:25:22.000Z",1775337922000,75,"Flat",
"2026-04-04T21:20:22.000Z",1775337622000,80,"Flat",
"2026-04-04T21:15:22.000Z",1775337322000,83,"Flat",
"2026-04-04T21:10:22.000Z",1775337022000,86,"Flat",
"2026-04-04T21:05:21.000Z",1775336721000,86,"Flat",
"2026-04-04T21:00:21.000Z",1775336421000,86,"Flat",
"2026-04-04T20:55:22.000Z",1775336122000,87,"Flat",
"2026-04-04T20:50:22.000Z",1775335822000,86,"Flat",
"2026-04-04T20:45:22.000Z",1775335522000,85,"Flat",
"2026-04-04T20:40:22.000Z",1775335222000,84,"Flat",
"2026-04-04T20:35:21.000Z",1775334921000,82,"Flat",
"2026-04-04T20:30:22.000Z",1775334622000,80,"Flat",
"2026-04-04T20:25:22.000Z",1775334322000,78,"Flat",
"2026-04-04T20:20:23.000Z",1775334023000,76,"Flat",
"2026-04-04T20:15:22.000Z",1775333722000,74,"Flat",
"2026-04-04T20:10:21.000Z",1775333421000,74,"Flat",
"2026-04-04T20:05:21.000Z",1775333121000,76,"FortyFiveDown",
"2026-04-04T20:00:22.000Z",1775332822000,82,"FortyFiveDown",
"2026-04-04T19:55:22.000Z",1775332522000,89,"FortyFiveDown",
"2026-04-04T19:50:22.000Z",1775332222000,95,"Flat",
"2026-04-04T19:45:22.000Z",1775331922000,101,"Flat",
"2026-04-04T19:40:22.000Z",1775331622000,103,"Flat",
"2026-04-04T19:35:21.000Z",1775331321000,102,"Flat",
"2026-04-04T19:30:22.000Z",1775331022000,99,"Flat",
"2026-04-04T19:25:22.000Z",1775330722000,95,"Flat",
"2026-04-04T19:20:21.000Z",1775330421000,92,"Flat",
"2026-04-04T19:15:21.000Z",1775330121000,90,"Flat",
"2026-04-04T19:10:22.000Z",1775329822000,89,"Flat",
"2026-04-04T19:05:21.000Z",1775329521000,90,"FortyFiveDown",
"2026-04-04T19:00:20.000Z",1775329220000,98,"FortyFiveDown",
"2026-04-04T18:55:22.000Z",1775328922000,102,"FortyFiveDown",
"2026-04-04T18:50:21.000Z",1775328621000,108,"SingleDown",
"2026-04-04T18:45:21.000Z",1775328321000,118,"FortyFiveDown",
"2026-04-04T18:40:21.000Z",1775328021000,127,"FortyFiveDown",
"2026-04-04T18:35:21.000Z",1775327721000,138,"FortyFiveDown",
"2026-04-04T18:29:23.000Z",1775327363000,149,"Flat",
"2026-04-04T18:24:21.000Z",1775327061000,155,"Flat",
"2026-04-04T18:10:21.000Z",1775326221000,146,"Flat",
"2026-04-04T18:02:21.000Z",1775325741000,138,"Flat",
"2026-04-04T17:57:22.000Z",1775325442000,135,"Flat",
"2026-04-04T17:52:21.000Z",1775325141000,131,"Flat",
"2026-04-04T17:47:20.000Z",1775324840000,126,"Flat",
"2026-04-04T17:42:21.000Z",1775324541000,125,"Flat",
"2026-04-04T17:37:20.000Z",1775324240000,122,"Flat",
"2026-04-04T17:24:22.000Z",1775323462000,122,"Flat",
"2026-04-04T17:19:20.000Z",1775323160000,124,"Flat",
"2026-04-04T17:14:20.000Z",1775322860000,126,"FortyFiveDown",
"2026-04-04T17:09:20.000Z",1775322560000,130,"FortyFiveDown",
"2026-04-04T17:04:22.000Z",1775322262000,135,"FortyFiveDown",
"2026-04-04T16:59:23.000Z",1775321963000,141,"FortyFiveDown",
"2026-04-04T16:54:21.000Z",1775321661000,149,"Flat",
"2026-04-04T16:49:20.000Z",1775321360000,162,"Flat",
"2026-04-04T16:44:21.000Z",1775321061000,161,"FortyFiveUp",
"2026-04-04T16:39:21.000Z",1775320761000,151,"FortyFiveUp",
"2026-04-04T16:34:21.000Z",1775320461000,145,"Flat",
"2026-04-04T16:29:21.000Z",1775320161000,141,"Flat",
"2026-04-04T16:24:19.000Z",1775319859000,136,"Flat",
"2026-04-04T16:19:20.000Z",1775319560000,132,"Flat",
"2026-04-04T16:14:19.000Z",1775319259000,130,"Flat",
"2026-04-04T16:09:20.000Z",1775318960000,131,"Flat",
"2026-04-04T16:04:21.000Z",1775318661000,136,"Flat",
"2026-04-04T15:59:20.000Z",1775318360000,141,"Flat",
"2026-04-04T15:54:19.000Z",1775318059000,139,"Flat",
"2026-04-04T15:49:20.000Z",1775317760000,141,"Flat",
"2026-04-04T15:44:19.000Z",1775317459000,141,"FortyFiveUp",
"2026-04-04T15:39:19.000Z",1775317159000,135,"FortyFiveUp",
"2026-04-04T15:34:20.000Z",1775316860000,130,"FortyFiveUp",
"2026-04-04T15:29:19.000Z",1775316559000,123,"FortyFiveUp",
"2026-04-04T15:24:19.000Z",1775316259000,115,"FortyFiveUp",
"2026-04-04T15:19:19.000Z",1775315959000,109,"FortyFiveUp",
"2026-04-04T15:14:19.000Z",1775315659000,104,"Flat",
"2026-04-04T15:06:20.000Z",1775315180000,95,"Flat",
"2026-04-04T15:01:20.000Z",1775314880000,94,"Flat",
"2026-04-04T14:56:19.000Z",1775314579000,95,"FortyFiveDown",
"2026-04-04T14:51:19.000Z",1775314279000,99,"SingleDown",
"2026-04-04T14:46:19.000Z",1775313979000,107,"FortyFiveDown",
"2026-04-04T14:41:19.000Z",1775313679000,117,"FortyFiveDown",
"2026-04-04T14:35:19.000Z",1775313319000,130,"Flat",
"2026-04-04T14:30:20.000Z",1775313020000,135,"Flat",
"2026-04-04T14:24:20.000Z",1775312660000,133,"Flat",
"2026-04-04T14:19:19.000Z",1775312359000,130,"FortyFiveUp",
"2026-04-04T14:12:21.000Z",1775311941000,125,"SingleUp",
"2026-04-04T14:04:21.000Z",1775311461000,113,"Flat",
"2026-04-04T12:58:19.000Z",1775307499000,39,"Flat",
"2026-04-04T12:53:20.000Z",1775307200000,39,"FortyFiveDown",
"2026-04-04T12:48:19.000Z",1775306899000,45,"SingleDown",
"2026-04-04T12:43:20.000Z",1775306600000,57,"FortyFiveDown",
"2026-04-04T12:38:19.000Z",1775306299000,69,"Flat",
"2026-04-04T12:33:18.000Z",1775305998000,77,"Flat",
"2026-04-04T12:27:19.000Z",1775305639000,83,"Flat",
"2026-04-04T12:21:18.000Z",1775305278000,79,"Flat",
"2026-04-04T12:16:19.000Z",1775304979000,77,"Flat",
"2026-04-04T12:11:18.000Z",1775304678000,81,"Flat",
"2026-04-04T12:06:19.000Z",1775304379000,80,"Flat",
"2026-04-04T12:01:18.000Z",1775304078000,78,"Flat",
"2026-04-04T11:56:19.000Z",1775303779000,77,"Flat",
"2026-04-04T11:37:19.000Z",1775302639000,81,"FortyFiveDown",
"2026-04-04T11:29:19.000Z",1775302159000,87,"FortyFiveDown",
"2026-04-04T11:24:19.000Z",1775301859000,99,"FortyFiveDown",
"2026-04-04T11:19:18.000Z",1775301558000,111,"Flat",
"2026-04-04T11:14:18.000Z",1775301258000,116,"Flat",
"2026-04-04T11:09:18.000Z",1775300958000,117,"Flat",
"2026-04-04T11:04:18.000Z",1775300658000,115,"FortyFiveUp",
"2026-04-04T10:59:19.000Z",1775300359000,110,"FortyFiveUp",
"2026-04-04T10:54:19.000Z",1775300059000,101,"FortyFiveUp",
"2026-04-04T10:49:18.000Z",1775299758000,94,"FortyFiveUp",
"2026-04-04T10:44:19.000Z",1775299459000,86,"FortyFiveUp",
"2026-04-04T10:39:19.000Z",1775299159000,78,"FortyFiveUp",
"2026-04-04T10:34:18.000Z",1775298858000,73,"Flat",
"2026-04-04T10:29:17.000Z",1775298557000,68,"Flat",
"2026-04-04T10:24:19.000Z",1775298259000,62,"Flat",
"2026-04-04T10:19:19.000Z",1775297959000,60,"Flat",
"2026-04-04T10:14:19.000Z",1775297659000,57,"FortyFiveDown",
"2026-04-04T10:09:18.000Z",1775297358000,58,"SingleDown",
"2026-04-04T10:04:19.000Z",1775297059000,67,"SingleDown",
"2026-04-04T09:59:19.000Z",1775296759000,80,"SingleDown",
"2026-04-04T09:54:18.000Z",1775296458000,93,"SingleDown",
"2026-04-04T09:49:19.000Z",1775296159000,108,"FortyFiveDown",
"2026-04-04T09:44:18.000Z",1775295858000,119,"FortyFiveDown",
"2026-04-04T09:39:17.000Z",1775295557000,125,"SingleDown",
"2026-04-04T09:34:19.000Z",1775295259000,132,"SingleDown",
"2026-04-04T09:29:19.000Z",1775294959000,142,"DoubleDown",
"2026-04-04T09:24:18.000Z",1775294658000,157,"DoubleDown",
"2026-04-04T09:19:18.000Z",1775294358000,176,"DoubleDown",
"2026-04-04T09:14:17.000Z",1775294057000,199,"DoubleDown",
"2026-04-04T09:09:18.000Z",1775293758000,220,"SingleDown",
"2026-04-04T09:04:18.000Z",1775293458000,239,"SingleDown",
"2026-04-04T08:59:18.000Z",1775293158000,258,"FortyFiveDown",
"2026-04-04T08:54:18.000Z",1775292858000,268,"Flat",
"2026-04-04T08:49:17.000Z",1775292557000,267,"Flat",
"2026-04-04T08:44:17.000Z",1775292257000,267,"Flat",
"2026-04-04T08:39:18.000Z",1775291958000,271,"Flat",
"2026-04-04T08:34:17.000Z",1775291657000,273,"Flat",
"2026-04-04T08:29:17.000Z",1775291357000,275,"Flat",
"2026-04-04T08:24:17.000Z",1775291057000,278,"Flat",
"2026-04-04T08:19:18.000Z",1775290758000,281,"Flat",
"2026-04-04T08:14:17.000Z",1775290457000,283,"Flat",
"2026-04-04T08:09:17.000Z",1775290157000,285,"Flat",
"2026-04-04T08:04:18.000Z",1775289858000,285,"FortyFiveUp",
"2026-04-04T07:59:18.000Z",1775289558000,281,"SingleUp",
"2026-04-04T07:54:17.000Z",1775289257000,272,"SingleUp",
"2026-04-04T07:49:17.000Z",1775288957000,261,"SingleUp",
"2026-04-04T07:44:17.000Z",1775288657000,249,"SingleUp",
"2026-04-04T07:39:18.000Z",1775288358000,234,"SingleUp",
"2026-04-04T07:34:18.000Z",1775288058000,219,"FortyFiveUp",
"2026-04-04T07:29:17.000Z",1775287757000,209,"Flat",
"2026-04-04T07:24:17.000Z",1775287457000,207,"Flat",
"2026-04-04T07:19:18.000Z",1775287158000,207,"Flat",
"2026-04-04T07:14:18.000Z",1775286858000,210,"Flat",
"2026-04-04T07:09:18.000Z",1775286558000,209,"Flat",
"2026-04-04T07:03:18.000Z",1775286198000,212,"Flat",
"2026-04-04T06:58:20.000Z",1775285900000,216,"Flat",
"2026-04-04T06:53:18.000Z",1775285598000,222,"FortyFiveDown",
"2026-04-04T06:48:18.000Z",1775285298000,224,"FortyFiveDown",
"2026-04-04T06:43:17.000Z",1775284997000,227,"Flat",
"2026-04-04T06:25:18.000Z",1775283918000,239,"FortyFiveDown",
"2026-04-04T06:19:16.000Z",1775283556000,245,"FortyFiveDown",
"2026-04-04T06:14:16.000Z",1775283256000,254,"FortyFiveDown",
"2026-04-04T06:09:17.000Z",1775282957000,256,"Flat",
"2026-04-04T06:04:17.000Z",1775282657000,260,"Flat",
"2026-04-04T05:59:17.000Z",1775282357000,266,"Flat",
"2026-04-04T05:54:17.000Z",1775282057000,263,"Flat",
"2026-04-04T05:49:16.000Z",1775281756000,265,"Flat",
"2026-04-04T05:44:16.000Z",1775281456000,270,"Flat",
"2026-04-04T05:39:16.000Z",1775281156000,273,"Flat",
"2026-04-04T05:34:16.000Z",1775280856000,276,"Flat",
"2026-04-04T05:29:17.000Z",1775280557000,269,"Flat",
"2026-04-04T05:24:15.000Z",1775280255000,261,"Flat",
"2026-04-04T05:19:17.000Z",1775279957000,263,"Flat",
"2026-04-04T05:14:17.000Z",1775279657000,266,"Flat",
"2026-04-04T05:09:17.000Z",1775279357000,262,"FortyFiveUp",
"2026-04-04T05:04:17.000Z",1775279057000,256,"Flat",
"2026-04-04T04:59:17.000Z",1775278757000,259,"Flat",
"2026-04-04T04:54:17.000Z",1775278457000,252,"FortyFiveUp",
"2026-04-04T04:49:16.000Z",1775278156000,245,"Flat",
"2026-04-04T04:44:16.000Z",1775277856000,244,"Flat",
"2026-04-04T04:39:17.000Z",1775277557000,243,"Flat",
"2026-04-04T04:34:17.000Z",1775277257000,252,"Flat",
"2026-04-04T04:29:16.000Z",1775276956000,257,"Flat",
"2026-04-04T04:24:17.000Z",1775276657000,256,"Flat",
"2026-04-04T04:19:17.000Z",1775276357000,246,"FortyFiveUp",
"2026-04-04T04:14:15.000Z",1775276055000,238,"Flat",
"2026-04-04T04:09:16.000Z",1775275756000,240,"Flat",
"2026-04-04T04:04:15.000Z",1775275455000,235,"FortyFiveUp",
"2026-04-04T03:59:15.000Z",1775275155000,228,"Flat",
"2026-04-04T03:54:17.000Z",1775274857000,227,"Flat",
"2026-04-04T03:49:17.000Z",1775274557000,226,"Flat",
"2026-04-04T03:44:15.000Z",1775274255000,219,"Flat",
"2026-04-04T03:39:17.000Z",1775273957000,212,"Flat",
"2026-04-04T03:34:15.000Z",1775273655000,208,"Flat",
"2026-04-04T03:29:17.000Z",1775273357000,204,"Flat",
"2026-04-04T03:24:16.000Z",1775273056000,201,"Flat",
"2026-04-04T03:19:17.000Z",1775272757000,198,"Flat",
"2026-04-04T03:14:17.000Z",1775272457000,198,"Flat",
"2026-04-04T03:09:17.000Z",1775272157000,196,"Flat",
"2026-04-04T03:04:17.000Z",1775271857000,196,"Flat",
"2026-04-04T02:59:17.000Z",1775271557000,196,"Flat",
"2026-04-04T02:54:16.000Z",1775271256000,201,"Flat",
"2026-04-04T02:49:16.000Z",1775270956000,201,"Flat",
"2026-04-04T02:44:16.000Z",1775270656000,206,"Flat",
"2026-04-04T02:39:16.000Z",1775270356000,211,"Flat",
"2026-04-04T02:34:16.000Z",1775270056000,210,"Flat",
"2026-04-04T02:29:16.000Z",1775269756000,204,"Flat",
"2026-04-04T02:24:16.000Z",1775269456000,199,"FortyFiveDown",
"2026-04-04T02:19:15.000Z",1775269155000,204,"FortyFiveDown",
"2026-04-04T02:14:16.000Z",1775268856000,213,"Flat",
"2026-04-04T02:09:15.000Z",1775268555000,219,"Flat",
"2026-04-04T02:04:15.000Z",1775268255000,221,"Flat",
"2026-04-04T01:59:15.000Z",1775267955000,216,"Flat",
"2026-04-04T01:54:15.000Z",1775267655000,215,"Flat",
"2026-04-04T01:49:16.000Z",1775267356000,215,"Flat",
"2026-04-04T01:44:15.000Z",1775267055000,212,"Flat",
"2026-04-04T01:39:16.000Z",1775266756000,211,"Flat",
"2026-04-04T01:34:15.000Z",1775266455000,213,"Flat",
"2026-04-04T01:29:16.000Z",1775266156000,215,"Flat",
"2026-04-04T01:24:16.000Z",1775265856000,217,"Flat",
"2026-04-04T01:19:15.000Z",1775265555000,219,"Flat",
"2026-04-04T01:14:16.000Z",1775265256000,221,"Flat",
"2026-04-04T01:09:16.000Z",1775264956000,223,"Flat",
"2026-04-04T01:04:16.000Z",1775264656000,227,"Flat",
"2026-04-04T00:59:14.000Z",1775264354000,234,"Flat",
"2026-04-04T00:54:16.000Z",1775264056000,238,"Flat",
"2026-04-04T00:49:16.000Z",1775263756000,237,"Flat",
"2026-04-04T00:44:15.000Z",1775263455000,234,"Flat",
"2026-04-04T00:39:14.000Z",1775263154000,230,"FortyFiveUp",
"2026-04-04T00:34:15.000Z",1775262855000,225,"Flat",
"2026-04-04T00:29:15.000Z",1775262555000,220,"Flat",
"2026-04-04T00:24:15.000Z",1775262255000,217,"Flat",
"2026-04-04T00:19:15.000Z",1775261955000,218,"FortyFiveUp",
"2026-04-04T00:14:16.000Z",1775261656000,214,"FortyFiveUp",
"2026-04-04T00:09:14.000Z",1775261354000,208,"FortyFiveUp",
"2026-04-04T00:04:15.000Z",1775261055000,199,"FortyFiveUp",
"2026-04-03T23:59:15.000Z",1775260755000,190,"FortyFiveUp",
"2026-04-03T23:54:15.000Z",1775260455000,181,"Flat",
"2026-04-03T23:49:15.000Z",1775260155000,177,"Flat",
"2026-04-03T23:44:14.000Z",1775259854000,175,"Flat",
"2026-04-03T23:39:15.000Z",1775259555000,173,"Flat",
"2026-04-03T23:34:14.000Z",1775259254000,173,"Flat",
"2026-04-03T23:29:15.000Z",1775258955000,173,"Flat",
"2026-04-03T23:24:14.000Z",1775258654000,174,"Flat",
"2026-04-03T23:19:14.000Z",1775258354000,170,"Flat",
"2026-04-03T23:14:14.000Z",1775258054000,166,"Flat",
"2026-04-03T23:09:15.000Z",1775257755000,163,"Flat",
"2026-04-03T23:04:14.000Z",1775257454000,160,"Flat",
"2026-04-03T22:59:14.000Z",1775257154000,157,"Flat",
"2026-04-03T22:54:14.000Z",1775256854000,156,"Flat",
"2026-04-03T22:49:15.000Z",1775256555000,155,"Flat",
"2026-04-03T22:44:14.000Z",1775256254000,151,"Flat",
"2026-04-03T22:39:15.000Z",1775255955000,149,"Flat",
"2026-04-03T22:34:14.000Z",1775255654000,150,"Flat",
"2026-04-03T22:29:14.000Z",1775255354000,155,"Flat",
"2026-04-03T22:24:15.000Z",1775255055000,157,"Flat",
"2026-04-03T22:19:15.000Z",1775254755000,157,"Flat",
"2026-04-03T22:14:15.000Z",1775254455000,157,"Flat",
"2026-04-03T22:09:15.000Z",1775254155000,156,"Flat",
"2026-04-03T22:04:14.000Z",1775253854000,158,"Flat",
"2026-04-03T21:59:14.000Z",1775253554000,160,"Flat",
"2026-04-03T21:54:14.000Z",1775253254000,162,"Flat",
"2026-04-03T21:49:14.000Z",1775252954000,165,"Flat",
"2026-04-03T21:44:14.000Z",1775252654000,167,"Flat",
"2026-04-03T21:39:14.000Z",1775252354000,169,"Flat",
"2026-04-03T21:34:15.000Z",1775252055000,172,"Flat",
"2026-04-03T21:29:14.000Z",1775251754000,174,"Flat",
"2026-04-03T21:24:15.000Z",1775251455000,177,"FortyFiveDown",
"2026-04-03T21:19:14.000Z",1775251154000,180,"Flat",
"2026-04-03T21:14:14.000Z",1775250854000,186,"Flat",
"2026-04-03T21:09:14.000Z",1775250554000,191,"Flat",
"2026-04-03T21:04:13.000Z",1775250253000,193,"Flat",
"2026-04-03T20:59:15.000Z",1775249955000,196,"Flat",
"2026-04-03T20:54:13.000Z",1775249653000,198,"Flat",
"2026-04-03T20:49:15.000Z",1775249355000,197,"Flat",
"2026-04-03T20:44:13.000Z",1775249053000,198,"Flat",
"2026-04-03T20:39:13.000Z",1775248753000,198,"Flat",
"2026-04-03T20:34:13.000Z",1775248453000,197,"Flat",
"2026-04-03T20:29:14.000Z",1775248154000,198,"Flat",
"2026-04-03T20:24:13.000Z",1775247853000,198,"Flat",
"2026-04-03T20:19:13.000Z",1775247553000,200,"Flat",
"2026-04-03T20:14:14.000Z",1775247254000,204,"Flat",
"2026-04-03T20:09:14.000Z",1775246954000,207,"Flat",
"2026-04-03T20:04:13.000Z",1775246653000,211,"Flat",
"2026-04-03T19:59:13.000Z",1775246353000,215,"Flat",
"2026-04-03T19:54:14.000Z",1775246054000,220,"Flat",
"2026-04-03T19:49:14.000Z",1775245754000,225,"Flat",
"2026-04-03T19:44:13.000Z",1775245453000,228,"Flat",
"2026-04-03T19:39:14.000Z",1775245154000,229,"Flat",
"2026-04-03T19:34:13.000Z",1775244853000,227,"Flat",
"2026-04-03T19:29:13.000Z",1775244553000,226,"Flat",
"2026-04-03T19:24:14.000Z",1775244254000,225,"Flat",
"2026-04-03T19:19:14.000Z",1775243954000,221,"FortyFiveUp",
"2026-04-03T19:14:14.000Z",1775243654000,215,"FortyFiveUp",
"2026-04-03T19:09:13.000Z",1775243353000,210,"FortyFiveUp",
"2026-04-03T19:04:14.000Z",1775243054000,203,"FortyFiveUp",
"2026-04-03T18:59:13.000Z",1775242753000,194,"FortyFiveUp",
"2026-04-03T18:54:14.000Z",1775242454000,185,"FortyFiveUp",
"2026-04-03T18:49:14.000Z",1775242154000,177,"FortyFiveUp",
"2026-04-03T18:44:13.000Z",1775241853000,170,"Flat",
"2026-04-03T18:39:14.000Z",1775241554000,165,"Flat",
"2026-04-03T18:34:13.000Z",1775241253000,159,"Flat",
"2026-04-03T18:29:13.000Z",1775240953000,157,"Flat",
"2026-04-03T18:24:13.000Z",1775240653000,157,"Flat",
"2026-04-03T18:19:13.000Z",1775240353000,159,"Flat",
"2026-04-03T18:14:14.000Z",1775240054000,159,"Flat",
"2026-04-03T18:09:13.000Z",1775239753000,159,"Flat",
"2026-04-03T18:04:13.000Z",1775239453000,165,"Flat",
"2026-04-03T17:59:14.000Z",1775239154000,169,"Flat",
"2026-04-03T17:54:13.000Z",1775238853000,170,"Flat",
"2026-04-03T17:49:13.000Z",1775238553000,170,"Flat",
"2026-04-03T17:44:14.000Z",1775238254000,169,"Flat",
"2026-04-03T17:39:14.000Z",1775237954000,170,"Flat",
"2026-04-03T17:34:14.000Z",1775237654000,171,"Flat",
"2026-04-03T17:29:13.000Z",1775237353000,170,"Flat",
"2026-04-03T17:20:15.000Z",1775236815000,169,"Flat",
"2026-04-03T17:15:13.000Z",1775236513000,167,"Flat",
"2026-04-03T17:09:13.000Z",1775236153000,165,"Flat",
"2026-04-03T17:04:13.000Z",1775235853000,167,"FortyFiveDown",
"2026-04-03T16:59:12.000Z",1775235552000,169,"FortyFiveDown",
"2026-04-03T16:54:12.000Z",1775235252000,172,"FortyFiveDown",
"2026-04-03T16:48:12.000Z",1775234892000,181,"FortyFiveDown",
"2026-04-03T16:38:13.000Z",1775234293000,195,"Flat",
"2026-04-03T16:20:12.000Z",1775233212000,199,"Flat",
"2026-04-03T16:13:13.000Z",1775232793000,192,"Flat",
"2026-04-03T16:08:12.000Z",1775232492000,192,"FortyFiveDown",
"2026-04-03T16:03:14.000Z",1775232194000,194,"FortyFiveDown",
"2026-04-03T15:58:12.000Z",1775231892000,203,"FortyFiveDown",
"2026-04-03T15:53:12.000Z",1775231592000,212,"Flat",
"2026-04-03T15:46:12.000Z",1775231172000,221,"Flat",
"2026-04-03T15:41:13.000Z",1775230873000,221,"Flat",
"2026-04-03T15:36:13.000Z",1775230573000,220,"Flat",
"2026-04-03T15:31:12.000Z",1775230272000,216,"FortyFiveUp",
"2026-04-03T15:26:12.000Z",1775229972000,211,"FortyFiveUp",
"2026-04-03T15:21:13.000Z",1775229673000,204,"FortyFiveUp",
"2026-04-03T15:16:12.000Z",1775229372000,197,"FortyFiveUp",
"2026-04-03T15:11:13.000Z",1775229073000,190,"FortyFiveUp",
"2026-04-03T15:06:13.000Z",1775228773000,185,"FortyFiveUp",
"2026-04-03T15:01:13.000Z",1775228473000,179,"FortyFiveUp",
"2026-04-03T14:56:12.000Z",1775228172000,173,"Flat",
"2026-04-03T14:51:11.000Z",1775227871000,167,"FortyFiveUp",
"2026-04-03T14:46:12.000Z",1775227572000,163,"Flat",
"2026-04-03T14:41:11.000Z",1775227271000,159,"Flat",
"2026-04-03T14:36:13.000Z",1775226973000,155,"Flat",
"2026-04-03T14:31:11.000Z",1775226671000,153,"Flat",
"2026-04-03T14:26:13.000Z",1775226373000,154,"Flat",
"2026-04-03T14:21:13.000Z",1775226073000,159,"Flat",
"2026-04-03T14:16:12.000Z",1775225772000,161,"Flat",
"2026-04-03T14:11:12.000Z",1775225472000,163,"FortyFiveDown",
"2026-04-03T14:06:11.000Z",1775225171000,169,"FortyFiveDown",
"2026-04-03T14:01:11.000Z",1775224871000,175,"SingleDown",
"2026-04-03T13:56:12.000Z",1775224572000,182,"SingleDown",
"2026-04-03T13:51:12.000Z",1775224272000,191,"SingleDown",
"2026-04-03T13:46:12.000Z",1775223972000,204,"SingleDown",
"2026-04-03T13:41:12.000Z",1775223672000,219,"FortyFiveDown",
"2026-04-03T13:36:11.000Z",1775223371000,230,"Flat",
"2026-04-03T13:31:11.000Z",1775223071000,235,"Flat",
"2026-04-03T13:26:11.000Z",1775222771000,236,"Flat",
"2026-04-03T13:21:12.000Z",1775222472000,236,"FortyFiveUp",
"2026-04-03T13:16:13.000Z",1775222173000,230,"FortyFiveUp",
"2026-04-03T13:11:11.000Z",1775221871000,222,"FortyFiveUp",
"2026-04-03T13:06:12.000Z",1775221572000,215,"FortyFiveUp",
"2026-04-03T13:01:13.000Z",1775221273000,207,"FortyFiveUp",
"2026-04-03T12:56:11.000Z",1775220971000,199,"FortyFiveUp",
"2026-04-03T12:51:11.000Z",1775220671000,191,"Flat",
"2026-04-03T12:46:11.000Z",1775220371000,186,"Flat",
"2026-04-03T12:41:12.000Z",1775220072000,182,"Flat",
"2026-04-03T12:36:12.000Z",1775219772000,180,"Flat",
"2026-04-03T12:31:11.000Z",1775219471000,179,"Flat",
"2026-04-03T12:26:12.000Z",1775219172000,179,"Flat",
"2026-04-03T12:21:12.000Z",1775218872000,177,"Flat",
"2026-04-03T12:16:11.000Z",1775218571000,175,"Flat",
"2026-04-03T12:11:11.000Z",1775218271000,173,"Flat",
"2026-04-03T12:06:11.000Z",1775217971000,172,"Flat",
"2026-04-03T12:01:12.000Z",1775217672000,173,"Flat",
"2026-04-03T11:56:11.000Z",1775217371000,176,"Flat",
"2026-04-03T11:51:11.000Z",1775217071000,179,"Flat",
"2026-04-03T11:46:11.000Z",1775216771000,182,"Flat",
"2026-04-03T11:41:11.000Z",1775216471000,183,"Flat",
"2026-04-03T11:36:11.000Z",1775216171000,184,"Flat",
"2026-04-03T11:31:11.000Z",1775215871000,188,"Flat",
"2026-04-03T11:26:11.000Z",1775215571000,193,"Flat",
"2026-04-03T11:21:11.000Z",1775215271000,194,"Flat",
"2026-04-03T11:16:12.000Z",1775214972000,193,"Flat",
"2026-04-03T11:11:10.000Z",1775214670000,193,"Flat",
"2026-04-03T11:06:10.000Z",1775214370000,192,"Flat",
"2026-04-03T11:01:10.000Z",1775214070000,189,"Flat",
"2026-04-03T10:56:10.000Z",1775213770000,186,"Flat",
"2026-04-03T10:51:11.000Z",1775213471000,182,"Flat",
"2026-04-03T10:46:11.000Z",1775213171000,180,"Flat",
"2026-04-03T10:41:11.000Z",1775212871000,179,"Flat",
"2026-04-03T10:36:11.000Z",1775212571000,179,"Flat",
"2026-04-03T10:31:11.000Z",1775212271000,177,"Flat",
"2026-04-03T10:26:11.000Z",1775211971000,172,"Flat",
"2026-04-03T10:21:10.000Z",1775211670000,169,"Flat",
"2026-04-03T10:16:10.000Z",1775211370000,164,"Flat",
"2026-04-03T10:11:10.000Z",1775211070000,160,"Flat",
"2026-04-03T10:06:11.000Z",1775210771000,161,"Flat",
"2026-04-03T10:01:11.000Z",1775210471000,165,"Flat",
"2026-04-03T09:56:10.000Z",1775210170000,171,"FortyFiveDown",
"2026-04-03T09:51:11.000Z",1775209871000,176,"FortyFiveDown",
"2026-04-03T09:46:11.000Z",1775209571000,181,"Flat",
"2026-04-03T09:41:10.000Z",1775209270000,188,"Flat",
"2026-04-03T09:36:11.000Z",1775208971000,194,"Flat",
"2026-04-03T09:31:10.000Z",1775208670000,194,"FortyFiveUp",
"2026-04-03T09:26:11.000Z",1775208371000,185,"FortyFiveUp",
"2026-04-03T09:21:11.000Z",1775208071000,175,"FortyFiveUp",
"2026-04-03T09:16:11.000Z",1775207771000,167,"FortyFiveUp",
"2026-04-03T09:11:11.000Z",1775207471000,159,"FortyFiveUp",
"2026-04-03T09:06:10.000Z",1775207170000,151,"FortyFiveUp",
"2026-04-03T09:01:10.000Z",1775206870000,145,"FortyFiveUp",
"2026-04-03T08:56:11.000Z",1775206571000,139,"Flat",
"2026-04-03T08:51:09.000Z",1775206269000,135,"Flat",
"2026-04-03T08:46:11.000Z",1775205971000,129,"Flat",
"2026-04-03T08:41:10.000Z",1775205670000,124,"Flat",
"2026-04-03T08:36:10.000Z",1775205370000,123,"Flat",
"2026-04-03T08:31:09.000Z",1775205069000,122,"Flat",
"2026-04-03T08:26:10.000Z",1775204770000,121,"Flat",
"2026-04-03T08:21:11.000Z",1775204471000,122,"Flat",
"2026-04-03T08:16:11.000Z",1775204171000,125,"Flat",
"2026-04-03T08:11:09.000Z",1775203869000,128,"Flat",
"2026-04-03T08:06:10.000Z",1775203570000,131,"Flat",
"2026-04-03T08:01:10.000Z",1775203270000,136,"Flat",
"2026-04-03T07:56:10.000Z",1775202970000,141,"FortyFiveDown",
"2026-04-03T07:51:10.000Z",1775202670000,145,"FortyFiveDown",
"2026-04-03T07:46:10.000Z",1775202370000,150,"FortyFiveDown",
"2026-04-03T07:41:09.000Z",1775202069000,156,"FortyFiveDown",
"2026-04-03T07:36:09.000Z",1775201769000,162,"FortyFiveDown",
"2026-04-03T07:31:11.000Z",1775201471000,167,"FortyFiveDown",
"2026-04-03T07:26:09.000Z",1775201169000,174,"FortyFiveDown",
"2026-04-03T07:21:10.000Z",1775200870000,181,"SingleDown",
"2026-04-03T07:16:10.000Z",1775200570000,186,"SingleDown",
"2026-04-03T06:53:11.000Z",1775199191000,207,"FortyFiveDown",
"2026-04-03T06:29:09.000Z",1775197749000,225,"Flat",
"2026-04-03T06:17:24.000Z",1775197044000,232,"FortyFiveDown",
"2026-04-03T06:14:09.000Z",1775196849000,237,"Flat",
"2026-04-03T06:09:09.000Z",1775196549000,243,"Flat",
"2026-04-03T06:04:09.000Z",1775196249000,249,"Flat",
"2026-04-03T05:59:10.000Z",1775195950000,250,"Flat",
"2026-04-03T05:53:10.000Z",1775195590000,253,"Flat",
"2026-04-03T05:48:09.000Z",1775195289000,257,"Flat",
"2026-04-03T05:43:10.000Z",1775194990000,260,"Flat",
"2026-04-03T05:38:08.000Z",1775194688000,263,"Flat",
"2026-04-03T05:33:09.000Z",1775194389000,265,"Flat",
"2026-04-03T05:28:08.000Z",1775194088000,265,"Flat",
"2026-04-03T05:23:09.000Z",1775193789000,262,"Flat",
"2026-04-03T05:18:08.000Z",1775193488000,264,"Flat",
"2026-04-03T05:13:10.000Z",1775193190000,267,"Flat",
"2026-04-03T05:08:09.000Z",1775192889000,267,"Flat",
"2026-04-03T05:03:10.000Z",1775192590000,255,"FortyFiveUp",
"2026-04-03T04:57:09.000Z",1775192229000,255,"Flat",
"2026-04-03T04:47:11.000Z",1775191631000,250,"SingleUp",
"2026-04-02T21:54:07.000Z",1775166847000,136,"Flat",
"2026-04-02T21:49:07.000Z",1775166547000,133,"Flat",
"2026-04-02T21:44:06.000Z",1775166246000,129,"Flat",
"2026-04-02T21:39:07.000Z",1775165947000,126,"Flat",
"2026-04-02T21:34:07.000Z",1775165647000,121,"Flat",
"2026-04-02T21:29:06.000Z",1775165346000,118,"FortyFiveUp",
"2026-04-02T21:24:06.000Z",1775165046000,115,"Flat",
"2026-04-02T21:19:07.000Z",1775164747000,108,"Flat",
"2026-04-02T21:14:06.000Z",1775164446000,102,"Flat",
"2026-04-02T21:09:07.000Z",1775164147000,100,"Flat",
"2026-04-02T21:04:06.000Z",1775163846000,103,"Flat",
"2026-04-02T20:59:05.000Z",1775163545000,105,"Flat",
"2026-04-02T20:54:06.000Z",1775163246000,106,"Flat",
"2026-04-02T20:49:06.000Z",1775162946000,108,"Flat",
"2026-04-02T20:44:05.000Z",1775162645000,112,"Flat",
"2026-04-02T20:39:07.000Z",1775162347000,114,"Flat",
"2026-04-02T20:32:07.000Z",1775161927000,115,"Flat",
"2026-04-02T20:27:06.000Z",1775161626000,118,"Flat",
"2026-04-02T20:22:07.000Z",1775161327000,119,"Flat",
"2026-04-02T20:17:06.000Z",1775161026000,117,"Flat",
"2026-04-02T20:12:07.000Z",1775160727000,115,"Flat",
"2026-04-02T20:07:07.000Z",1775160427000,111,"Flat",
"2026-04-02T20:02:05.000Z",1775160125000,109,"Flat",
"2026-04-02T19:57:05.000Z",1775159825000,111,"Flat",
"2026-04-02T19:52:06.000Z",1775159526000,113,"FortyFiveDown",
"2026-04-02T19:47:07.000Z",1775159227000,113,"FortyFiveDown",
"2026-04-02T19:42:06.000Z",1775158926000,118,"SingleDown",
"2026-04-02T19:37:06.000Z",1775158626000,129,"SingleDown",
"2026-04-02T19:32:06.000Z",1775158326000,139,"SingleDown",
"2026-04-02T19:27:06.000Z",1775158026000,151,"SingleDown",
"2026-04-02T19:22:06.000Z",1775157726000,163,"SingleDown",
"2026-04-02T19:17:07.000Z",1775157427000,175,"SingleDown",
"2026-04-02T19:12:05.000Z",1775157125000,188,"FortyFiveDown",
"2026-04-02T19:07:06.000Z",1775156826000,196,"FortyFiveDown",
"2026-04-02T19:01:05.000Z",1775156465000,202,"FortyFiveDown",
"2026-04-02T18:56:06.000Z",1775156166000,209,"FortyFiveDown",
"2026-04-02T18:51:06.000Z",1775155866000,217,"FortyFiveDown",
"2026-04-02T18:46:06.000Z",1775155566000,224,"Flat",
"2026-04-02T18:41:05.000Z",1775155265000,230,"Flat",
"2026-04-02T18:35:05.000Z",1775154905000,230,"Flat",
"2026-04-02T18:27:06.000Z",1775154426000,232,"FortyFiveUp",
"2026-04-02T18:22:05.000Z",1775154125000,226,"FortyFiveUp",
"2026-04-02T18:17:05.000Z",1775153825000,219,"FortyFiveUp",
"2026-04-02T18:12:06.000Z",1775153526000,211,"FortyFiveUp",
"2026-04-02T18:07:07.000Z",1775153227000,203,"FortyFiveUp",
"2026-04-02T18:02:06.000Z",1775152926000,195,"Flat",
"2026-04-02T17:57:05.000Z",1775152625000,185,"Flat",
"2026-04-02T17:52:06.000Z",1775152326000,181,"Flat",
"2026-04-02T17:47:06.000Z",1775152026000,183,"Flat",
"2026-04-02T17:42:04.000Z",1775151724000,186,"FortyFiveDown",
"2026-04-02T17:37:04.000Z",1775151424000,191,"FortyFiveDown",
"2026-04-02T17:32:05.000Z",1775151125000,199,"SingleDown",
"2026-04-02T17:27:05.000Z",1775150825000,207,"FortyFiveDown",
"2026-04-02T17:22:05.000Z",1775150525000,219,"FortyFiveDown",
"2026-04-02T17:17:05.000Z",1775150225000,229,"Flat",
"2026-04-02T17:12:05.000Z",1775149925000,234,"Flat",
"2026-04-02T17:07:05.000Z",1775149625000,238,"Flat",
"2026-04-02T17:02:05.000Z",1775149325000,243,"Flat",
"2026-04-02T16:57:06.000Z",1775149026000,249,"Flat",
"2026-04-02T16:52:04.000Z",1775148724000,253,"Flat",
"2026-04-02T16:47:04.000Z",1775148424000,256,"Flat",
"2026-04-02T16:42:06.000Z",1775148126000,254,"Flat",
"2026-04-02T16:37:04.000Z",1775147824000,253,"Flat",
"2026-04-02T16:32:06.000Z",1775147526000,251,"Flat",
"2026-04-02T16:27:06.000Z",1775147226000,248,"Flat",
"2026-04-02T16:22:06.000Z",1775146926000,252,"Flat",
"2026-04-02T16:17:04.000Z",1775146624000,251,"Flat",
"2026-04-02T16:12:05.000Z",1775146325000,249,"FortyFiveUp",
"2026-04-02T16:07:04.000Z",1775146024000,253,"FortyFiveUp",
"2026-04-02T16:02:04.000Z",1775145724000,244,"FortyFiveUp",
"2026-04-02T15:57:05.000Z",1775145425000,234,"Flat",
"2026-04-02T15:52:05.000Z",1775145125000,229,"Flat",
"2026-04-02T15:47:04.000Z",1775144824000,227,"Flat",
"2026-04-02T15:42:06.000Z",1775144526000,228,"Flat",
"2026-04-02T15:37:04.000Z",1775144224000,228,"Flat",
"2026-04-02T15:32:05.000Z",1775143925000,227,"Flat",
"2026-04-02T15:27:05.000Z",1775143625000,228,"FortyFiveDown",
"2026-04-02T15:22:05.000Z",1775143325000,232,"FortyFiveDown",
"2026-04-01T13:18:27.000Z",1775049507000,153,"Flat",
"2026-04-01T13:16:25.000Z",1775049385000,152,"Flat",
"2026-04-01T13:15:26.000Z",1775049326000,154,"Flat",
"2026-04-01T13:14:26.000Z",1775049266000,154,"Flat",
"2026-04-01T13:13:25.000Z",1775049205000,154,"Flat",
"2026-04-01T13:12:25.000Z",1775049145000,155,"Flat",
"2026-04-01T13:06:23.000Z",1775048783000,157,"Flat",
"2026-04-01T13:05:24.000Z",1775048724000,159,"Flat",
"2026-04-01T13:04:23.000Z",1775048663000,162,"Flat",
"2026-04-01T13:03:23.000Z",1775048603000,164,"Flat",
"2026-04-01T13:02:23.000Z",1775048543000,164,"Flat",
"2026-04-01T13:01:24.000Z",1775048484000,163,"Flat",
"2026-04-01T13:00:24.000Z",1775048424000,160,"Flat",
"2026-04-01T12:58:23.000Z",1775048303000,158,"Flat",
"2026-04-01T12:48:21.000Z",1775047701000,155,"Flat",
"2026-04-01T12:47:19.000Z",1775047639000,155,"Flat",
"2026-04-01T12:46:20.000Z",1775047580000,154,"Flat",
"2026-04-01T12:44:22.000Z",1775047462000,154,"Flat",
"2026-04-01T12:41:18.000Z",1775047278000,154,"Flat",
"2026-04-01T12:40:22.000Z",1775047222000,153,"Flat",
"2026-04-01T12:36:20.000Z",1775046980000,152,"Flat",
"2026-04-01T12:25:15.000Z",1775046315000,165,"Flat",
"2026-04-01T12:24:16.000Z",1775046256000,167,"Flat",
"2026-04-01T12:23:16.000Z",1775046196000,167,"Flat",
"2026-04-01T12:22:15.000Z",1775046135000,165,"Flat",
"2026-04-01T12:21:15.000Z",1775046075000,162,"Flat",
"2026-04-01T12:20:14.000Z",1775046014000,159,"Flat",
"2026-04-01T12:19:16.000Z",1775045956000,157,"Flat",
"2026-04-01T12:18:14.000Z",1775045894000,156,"Flat",
"2026-04-01T12:17:16.000Z",1775045836000,156,"Flat",
"2026-04-01T12:16:14.000Z",1775045774000,156,"Flat",
"2026-04-01T12:15:13.000Z",1775045713000,156,"Flat",
"2026-04-01T12:14:14.000Z",1775045654000,157,"Flat",
"2026-04-01T12:13:14.000Z",1775045594000,159,"Flat",
"2026-04-01T12:12:12.000Z",1775045532000,162,"Flat",
"2026-04-01T12:11:13.000Z",1775045473000,167,"Flat",
"2026-04-01T12:10:13.000Z",1775045413000,170,"Flat",
"2026-04-01T12:09:12.000Z",1775045352000,171,"Flat",
"2026-04-01T12:08:13.000Z",1775045293000,173,"Flat",
"2026-04-01T12:07:12.000Z",1775045232000,173,"Flat",
"2026-04-01T12:06:12.000Z",1775045172000,173,"Flat",
"2026-04-01T12:05:11.000Z",1775045111000,173,"Flat",
"2026-04-01T12:04:11.000Z",1775045051000,171,"Flat",
"2026-04-01T12:03:12.000Z",1775044992000,169,"Flat",
"2026-04-01T12:02:12.000Z",1775044932000,167,"Flat",
"2026-04-01T12:01:12.000Z",1775044872000,166,"Flat",
"2026-04-01T12:00:10.000Z",1775044810000,166,"Flat",
"2026-04-01T11:59:10.000Z",1775044750000,166,"Flat",
"2026-04-01T11:58:11.000Z",1775044691000,166,"Flat",
"2026-04-01T11:57:11.000Z",1775044631000,166,"Flat",
"2026-04-01T11:56:09.000Z",1775044569000,166,"Flat",
"2026-04-01T11:55:10.000Z",1775044510000,165,"Flat",
"2026-04-01T11:54:10.000Z",1775044450000,163,"Flat",
"2026-04-01T11:52:10.000Z",1775044330000,163,"Flat",
"2026-04-01T11:50:09.000Z",1775044209000,169,"FortyFiveUp",
"2026-04-01T11:48:09.000Z",1775044089000,172,"FortyFiveUp",
"2026-04-01T11:46:09.000Z",1775043969000,169,"FortyFiveUp",
"2026-04-01T11:45:08.000Z",1775043908000,166,"FortyFiveUp",
"2026-04-01T11:44:09.000Z",1775043849000,164,"FortyFiveUp",
"2026-04-01T11:43:08.000Z",1775043788000,162,"FortyFiveUp",
"2026-04-01T11:42:07.000Z",1775043727000,160,"FortyFiveUp",
"2026-04-01T11:41:06.000Z",1775043666000,159,"Flat",
"2026-04-01T11:40:06.000Z",1775043606000,155,"Flat",
"2026-04-01T11:39:07.000Z",1775043547000,149,"Flat",
"2026-04-01T11:38:06.000Z",1775043486000,145,"Flat",
"2026-04-01T09:54:52.000Z",1775037292000,99,"Flat",
"2026-04-01T09:39:48.000Z",1775036388000,98,"Flat",
"2026-04-01T09:24:46.000Z",1775035486000,94,"Flat",
"2026-04-01T09:09:43.000Z",1775034583000,95,"Flat",
"2026-04-01T08:54:39.000Z",1775033679000,95,"Flat",
"2026-04-01T08:39:36.000Z",1775032776000,90,"Flat",
"2026-04-01T08:24:35.000Z",1775031875000,85,"Flat",
"2026-04-01T08:09:32.000Z",1775030972000,84,"Flat",
"2026-04-01T07:54:27.000Z",1775030067000,85,"Flat",
"2026-04-01T07:39:26.000Z",1775029166000,91,"Flat",
"2026-04-01T07:24:23.000Z",1775028263000,89,"Flat",
"2026-04-01T07:09:20.000Z",1775027360000,81,"Flat",
"2026-04-01T06:54:17.000Z",1775026457000,77,"Flat",
"2026-04-01T06:39:16.000Z",1775025556000,87,"Flat",
"2026-04-01T06:24:12.000Z",1775024652000,92,"Flat",
"2026-04-01T06:09:12.000Z",1775023752000,97,"Flat",
"2026-04-01T05:54:07.000Z",1775022847000,98,"Flat",
"2026-04-01T05:39:04.000Z",1775021944000,108,"Flat",
"2026-04-01T05:24:01.000Z",1775021041000,118,"Flat",
"2026-04-01T05:09:00.000Z",1775020140000,126,"Flat",
"2026-04-01T04:53:57.000Z",1775019237000,138,"Flat",
"2026-04-01T04:38:54.000Z",1775018334000,147,"Flat",
"2026-04-01T04:23:51.000Z",1775017431000,150,"Flat",
"2026-04-01T04:08:48.000Z",1775016528000,153,"Flat",
"2026-04-01T03:53:44.000Z",1775015624000,160,"Flat",
"2026-04-01T03:38:41.000Z",1775014721000,166,"Flat",
"2026-04-01T03:23:38.000Z",1775013818000,167,"Flat",
"2026-04-01T03:08:35.000Z",1775012915000,159,"Flat",
"2026-04-01T02:53:31.000Z",1775012011000,166,"Flat",
"2026-04-01T02:38:30.000Z",1775011110000,174,"Flat",
"2026-04-01T02:23:25.000Z",1775010205000,179,"Flat",
"2026-04-01T02:08:22.000Z",1775009302000,186,"Flat",
"2026-04-01T01:53:20.000Z",1775008400000,191,"Flat",
"2026-04-01T01:38:17.000Z",1775007497000,200,"Flat",
"2026-04-01T01:23:13.000Z",1775006593000,203,"Flat",
"2026-04-01T01:08:10.000Z",1775005690000,214,"Flat",
"2026-04-01T00:53:08.000Z",1775004788000,219,"Flat",
"2026-04-01T00:38:06.000Z",1775003886000,221,"Flat",
"2026-04-01T00:23:02.000Z",1775002982000,218,"Flat",
"2026-04-01T00:08:00.000Z",1775002080000,210,"Flat",
"2026-03-31T23:52:57.000Z",1775001177000,196,"NONE",
"2026-03-31T21:20:23.000Z",1774992023000,193,"Flat",
"2026-03-31T21:15:22.000Z",1774991722000,196,"Flat",
"2026-03-31T21:10:19.000Z",1774991419000,195,"Flat",
"2026-03-31T21:05:19.000Z",1774991119000,190,"Flat",
"2026-03-31T21:00:18.000Z",1774990818000,189,"Flat",
"2026-03-31T20:55:17.000Z",1774990517000,187,"Flat",
"2026-03-31T20:50:15.000Z",1774990215000,186,"Flat",
"2026-03-31T20:45:15.000Z",1774989915000,185,"Flat",
"2026-03-31T20:40:13.000Z",1774989613000,183,"Flat",
"2026-03-31T20:35:14.000Z",1774989314000,185,"Flat",
"2026-03-31T20:31:11.000Z",1774989071000,186,"Flat",
"2026-03-31T20:27:11.000Z",1774988831000,189,"Flat",
"2026-03-31T20:23:11.000Z",1774988591000,192,"Flat",
"2026-03-31T20:19:10.000Z",1774988350000,201,"Flat",
"2026-03-31T20:15:09.000Z",1774988109000,209,"Flat",
"2026-03-31T20:11:07.000Z",1774987867000,218,"Flat",
"2026-03-31T20:07:06.000Z",1774987626000,201,"Flat",
"2026-03-31T20:03:06.000Z",1774987386000,195,"Flat",
"2026-03-31T19:59:05.000Z",1774987145000,203,"Flat",
"2026-03-31T19:55:04.000Z",1774986904000,213,"Flat",
"2026-03-31T19:51:03.000Z",1774986663000,202,"Flat",
"2026-03-31T19:47:03.000Z",1774986423000,234,"FortyFiveUp",
"2026-03-31T19:43:03.000Z",1774986183000,236,"SingleUp",
"2026-03-31T19:39:01.000Z",1774985941000,217,"FortyFiveUp",
"2026-03-31T19:22:01.000Z",1774984921000,190,"Flat",
"2026-03-31T19:06:59.000Z",1774984019000,202,"FortyFiveDown",
"2026-03-31T18:51:56.000Z",1774983116000,221,"Flat",
"2026-03-31T18:36:53.000Z",1774982213000,227,"Flat",
"2026-03-31T18:21:51.000Z",1774981311000,224,"Flat",
"2026-03-31T18:06:48.000Z",1774980408000,220,"Flat",
"2026-03-31T17:51:44.000Z",1774979504000,213,"FortyFiveUp",
"2026-03-31T17:36:43.000Z",1774978603000,191,"FortyFiveUp",
"2026-03-31T17:21:40.000Z",1774977700000,163,"FortyFiveUp",
"2026-03-31T17:06:38.000Z",1774976798000,146,"Flat",
"2026-03-31T16:51:34.000Z",1774975894000,133,"Flat",
"2026-03-31T16:36:31.000Z",1774974991000,126,"Flat",
"2026-03-31T16:21:31.000Z",1774974091000,116,"Flat",
"2026-03-31T16:10:25.000Z",1774973425000,121,"Flat",
"2026-03-31T16:06:24.000Z",1774973184000,109,"FortyFiveDown",
"2026-03-31T16:03:23.000Z",1774973003000,110,"FortyFiveDown",
"2026-03-31T16:00:22.000Z",1774972822000,115,"FortyFiveDown",
"2026-03-31T15:58:22.000Z",1774972702000,124,"FortyFiveDown",
"2026-03-31T15:54:22.000Z",1774972462000,133,"FortyFiveDown",
"2026-03-31T15:50:20.000Z",1774972220000,133,"SingleDown",
"2026-03-31T15:46:19.000Z",1774971979000,127,"SingleDown",
"2026-03-31T15:41:19.000Z",1774971679000,137,"SingleDown",
"2026-03-31T15:36:18.000Z",1774971378000,158,"FortyFiveDown",
"2026-03-31T15:31:18.000Z",1774971078000,171,"FortyFiveDown",
"2026-03-31T15:26:16.000Z",1774970776000,194,"Flat",
"2026-03-31T15:21:15.000Z",1774970475000,218,"Flat",
"2026-03-31T15:17:17.000Z",1774970237000,208,"Flat",
"2026-03-31T15:12:14.000Z",1774969934000,186,"FortyFiveDown",
"2026-03-31T15:07:12.000Z",1774969632000,188,"FortyFiveDown",
"2026-03-31T15:02:12.000Z",1774969332000,210,"Flat",
"2026-03-31T14:57:11.000Z",1774969031000,226,"Flat",
"2026-03-31T14:52:11.000Z",1774968731000,239,"Flat",
"2026-03-31T14:44:11.000Z",1774968251000,244,"Flat",
"2026-03-31T14:42:09.000Z",1774968129000,234,"Flat",
"2026-03-31T14:38:07.000Z",1774967887000,234,"Flat",
"2026-03-31T14:33:07.000Z",1774967587000,227,"Flat",
"2026-03-31T12:35:49.000Z",1774960549000,193,"Flat",
"2026-03-31T12:20:45.000Z",1774959645000,194,"Flat",
"2026-03-31T12:05:44.000Z",1774958744000,203,"Flat",
"2026-03-31T11:50:39.000Z",1774957839000,215,"Flat",
"2026-03-31T11:35:35.000Z",1774956935000,229,"Flat",
"2026-03-31T11:20:33.000Z",1774956033000,240,"Flat",
"2026-03-31T11:09:30.000Z",1774955370000,250,"Flat",
"2026-03-31T11:07:29.000Z",1774955249000,252,"Flat",
"2026-03-31T11:06:28.000Z",1774955188000,254,"Flat",
"2026-03-31T11:05:30.000Z",1774955130000,253,"Flat",
"2026-03-31T11:03:27.000Z",1774955007000,249,"Flat",
"2026-03-31T11:02:26.000Z",1774954946000,247,"Flat",
"2026-03-31T11:01:27.000Z",1774954887000,247,"Flat",
"2026-03-31T11:00:26.000Z",1774954826000,248,"Flat",
"2026-03-31T10:59:27.000Z",1774954767000,250,"Flat",
"2026-03-31T10:58:27.000Z",1774954707000,250,"Flat",
"2026-03-31T10:57:27.000Z",1774954647000,250,"Flat",
"2026-03-31T10:56:26.000Z",1774954586000,249,"Flat",
"2026-03-31T10:55:25.000Z",1774954525000,249,"Flat",
"2026-03-31T10:54:26.000Z",1774954466000,248,"Flat",
"2026-03-31T10:53:25.000Z",1774954405000,249,"Flat",
"2026-03-31T10:52:26.000Z",1774954346000,250,"Flat",
"2026-03-31T10:51:24.000Z",1774954284000,254,"FortyFiveUp",
"2026-03-31T10:50:25.000Z",1774954225000,254,"FortyFiveUp",
"2026-03-31T10:49:25.000Z",1774954165000,252,"FortyFiveUp",
"2026-03-31T10:48:25.000Z",1774954105000,253,"FortyFiveUp",
"2026-03-31T10:47:24.000Z",1774954044000,252,"FortyFiveUp",
"2026-03-31T10:46:23.000Z",1774953983000,252,"FortyFiveUp",
"2026-03-31T10:45:24.000Z",1774953924000,251,"FortyFiveUp",
"2026-03-31T10:44:24.000Z",1774953864000,249,"FortyFiveUp",
"2026-03-31T10:43:23.000Z",1774953803000,247,"FortyFiveUp",
"2026-03-31T10:42:22.000Z",1774953742000,246,"FortyFiveUp",
"2026-03-31T10:41:24.000Z",1774953684000,245,"FortyFiveUp",
"2026-03-31T10:40:22.000Z",1774953622000,246,"FortyFiveUp",
"2026-03-31T10:39:23.000Z",1774953563000,246,"FortyFiveUp",
"2026-03-31T10:38:23.000Z",1774953503000,246,"SingleUp",
"2026-03-31T10:37:22.000Z",1774953442000,244,"SingleUp",
"2026-03-31T10:36:23.000Z",1774953383000,242,"FortyFiveUp",
"2026-03-31T10:35:21.000Z",1774953321000,241,"FortyFiveUp",
"2026-03-31T10:34:21.000Z",1774953261000,240,"FortyFiveUp",
"2026-03-31T10:33:21.000Z",1774953201000,239,"FortyFiveUp",
"2026-03-31T10:32:22.000Z",1774953142000,238,"FortyFiveUp",
"2026-03-31T10:31:22.000Z",1774953082000,236,"FortyFiveUp",
"2026-03-31T10:30:21.000Z",1774953021000,234,"FortyFiveUp",
"2026-03-31T10:29:21.000Z",1774952961000,231,"FortyFiveUp",
"2026-03-31T10:28:20.000Z",1774952900000,228,"FortyFiveUp",
"2026-03-31T10:27:20.000Z",1774952840000,224,"FortyFiveUp",